{"feature_names": ["age", "num_prev_adm", "last_hr", "lab_a", "comorbidity_score"], "scaler_mean": [54.3785, 1.16825, 80.12570716826167, 5.024161506856352, 2.0025], "scaler_scale": [20.075787350686895, 1.0658057691249379, 12.03973142668274, 1.2048297649039055, 1.409962322191625], "coef": [0.41964228737427983, 0.615072846382285, 0.10599261341999701, 0.1652976903577094, 0.41776501035785274], "intercept": -0.4535249679247713}